name,email
admin,divesh.chand1996@gmail.com
shyam,diveshpatel11@yahoo.com
ram,
kam,
jam,
sam,
as,
hb,
ghgm,
gh,
ghgm,
fn,
ghj,
gj,
gj,
jg,
gol,
llk,
dg,
ghgf,
x,
x,
x,
x,
x,
x,
x,
x,
x,
x,
x,
x,
x,
x,
x,
x,
x,
x,
x,
x,
x,
x,
x,
x,
x,
x,
x,
x,
x,
x,
x,
x,
x,
x,
x,
x,
x,
x,
x,
x,
x,
x,
x,
x,
x,
x,
x,
x,
x,
x,
x,
x,
x,
x,
x,
x,
x,
x,
x,
x,
x,
x,
x,
x,
x,
x,
x,
x,
x,
x,
x,
x,
x,
x,
x,
x,
x,
x,
x,
x,
x,
x,
x,
x,
x,
x,
x,
x,
x,
x,
x,
x,
x,
x,
x,
x,
x,
x,
x,
x,
x,
x,
x,
x,
x,
x,
x,
x,
x,
x,
x,
x,
x,
x,
x,
x,
x,
x,
x,
x,
x,
x,
x,
x,
x,
x,
x,
x,
x,
x,
x,
x,
x,
x,
x,
x,
x,
x,
x,
x,
x,
x,
x,
x,
x,
x,
x,
x,
x,
x,
x,
x,
x,
x,
x,
x,
x,
x,
x,
x,
x,
x,
x,
x,
x,
x,
x,
x,
x,
x,
x,
x,
x,
x,
x,
x,
x,
x,
x,
x,
x,
x,
x,
x,
x,
x,
x,
x,
x,
x,
x,
x,
x,
x,
x,
x,
x,
x,
x,
x,
x,
x,
x,
x,
x,
x,
x,
x,
x,
x,
x,
x,
x,
x,
x,
x,
x,
x,
x,
x,
x,
x,
x,
x,
x,
x,
x,
x,
x,
x,
x,
x,
x,
x,
x,
x,
x,
x,
x,
x,
x,
x,
x,
x,
x,
x,
x,
x,
x,
x,
x,
x,
x,
x,
x,
x,
x,
x,
x,
x,
x,
x,
x,
x,
x,
x,
x,
x,
x,
x,
x,
x,
x,
x,
x,
x,
x,
x,
x,
x,
x,
x,
x,
x,
x,
x,
x,
x,
x,
x,
x,
x,
x,
x,
x,
x,
x,
x,
x,
x,
x,
x,
x,
x,
x,
x,
x,
x,
x,
x,
x,
x,
x,
x,
x,
x,
x,
x,
x,
x,
x,
x,
x,
x,
x,
x,
x,
x,
x,
x,
x,
x,
x,
x,
x,
x,
x,
x,
x,
x,
x,
x,
x,
x,
x,
x,
x,
x,
x,
x,
x,
x,
x,
x,
x,
x,
x,
x,
x,
x,
x,
x,
x,
x,
x,
x,
x,
x,
x,
x,
x,
x,
x,
x,
x,
x,
x,
x,
x,
x,
x,
x,
x,
x,
x,
x,
x,
x,
x,
x,
x,
x,
x,
x,
x,
x,
x,
x,
x,
x,
x,
x,
x,
x,
x,
x,
x,
x,
x,
x,
x,
x,
x,
x,
x,
x,
x,
x,
x,
x,
x,
x,
x,
x,
x,
x,
x,
x,
x,
x,
x,
x,
x,
x,
x,
x,
x,
x,
x,
x,
x,
x,
x,
x,
x,
x,
x,
x,
x,
x,
x,
x,
x,
x,
x,
x,
x,
x,
x,
x,
x,
x,
x,
x,
x,
x,
x,
x,
x,
x,
x,
x,
x,
x,
x,
x,
x,
x,
x,
x,
x,
x,
x,
x,
x,
x,
x,
x,
x,
x,
x,
x,
x,
x,
x,
x,
x,
x,
x,
x,
x,
x,
x,
x,
x,
x,
x,
x,
x,
x,
x,
x,
x,
x,
x,
x,
x,
x,
x,
x,
x,
x,
x,
x,
x,
x,
x,
x,
x,
x,
x,
x,
x,
x,
x,
x,
x,
x,
x,
x,
x,
x,
x,
x,
x,
x,
x,
x,
x,
x,
x,
x,
x,
x,
x,
x,
x,
x,
x,
x,
x,
x,
x,
x,
x,
x,
x,
x,
x,
x,
x,
x,
x,
x,
x,
x,
x,
x,
x,
x,
x,
x,
x,
x,
x,
x,
x,
x,
x,
x,
x,
x,
x,
x,
x,
x,
x,
x,
x,
x,
x,
x,
x,
x,
x,
x,
x,
x,
x,
x,
x,
x,
x,
x,
x,
x,
x,
x,
x,
x,
x,
x,
x,
x,
x,
x,
x,
x,
x,
x,
x,
x,
x,
x,
x,
x,
x,
x,
x,
x,
x,
x,
x,
x,
x,
x,
x,
x,
x,
x,
x,
x,
x,
x,
x,
x,
x,
x,
x,
x,
x,
x,
x,
x,
x,
x,
x,
x,
x,
x,
x,
x,
x,
x,
x,
x,
x,
x,
x,
x,
x,
x,
x,
x,
x,
x,
x,
x,
x,
x,
x,
x,
x,
x,
x,
x,
x,
x,
x,
x,
x,
x,
x,
x,
x,
x,
x,
x,
x,
x,
x,
x,
x,
x,
x,
x,
x,
x,
x,
x,
x,
x,
x,
x,
x,
x,
x,
x,
x,
x,
x,
x,
x,
x,
x,
x,
x,
x,
x,
x,
x,
x,
x,
x,
x,
x,
x,
x,
x,
x,
x,
x,
x,
x,
x,
x,
x,
x,
x,
x,
x,
x,
x,
x,
x,
x,
x,
x,
x,
x,
x,
x,
x,
x,
x,
x,
x,
x,
x,
x,
x,
x,
x,
x,
x,
x,
x,
x,
x,
x,
x,
x,
x,
x,
x,
x,
x,
x,
x,
x,
x,
x,
x,
x,
x,
x,
x,
x,
x,
x,
x,
x,
x,
x,
x,
x,
x,
x,
x,
x,
x,
x,
x,
x,
x,
x,
x,
x,
x,
x,
x,
x,
x,
x,
x,
x,
x,
x,
x,
x,
x,
x,
x,
x,
x,
x,
x,
x,
x,
x,
x,
x,
x,
x,
x,
x,
x,
x,
x,
x,
x,
x,
x,
x,
x,
x,
x,
x,
x,
x,
x,
x,
x,
x,
x,
x,
x,
x,
x,
x,
x,
x,
x,
x,
x,
x,
x,
x,
x,
x,
x,
x,
x,
x,
x,
x,
x,
x,
x,
x,
x,
x,
x,
x,
x,
x,
x,
x,
x,
x,
x,
x,
x,
x,
x,
x,
x,
x,
x,
x,
x,
x,
x,
x,
x,
x,
x,
x,
x,
x,
x,
x,
x,
x,
x,
x,
x,
x,
x,
x,
x,
x,
x,
x,
x,
x,
x,
x,
x,
x,
x,
x,
x,
x,
x,
x,
x,
x,
x,
x,
x,
x,
x,
x,
x,
x,
x,
x,
x,
x,
x,
x,
x,
x,
x,
x,
x,
x,
x,
x,
x,
x,
x,
x,
x,
x,
x,
x,
x,
x,
x,
x,
x,
x,
x,
x,
x,
x,
x,
x,
x,
x,
x,
x,
x,
x,
x,
x,
x,
x,
x,
x,
x,
x,
x,
x,
x,
x,
x,
x,
x,
x,
x,
x,
x,
x,
x,
x,
x,
x,
x,
x,
x,
x,
x,
x,
x,
x,
x,
x,
x,
x,
x,
x,
x,
x,
x,
x,
x,
x,
x,
x,
x,
x,
x,
x,
x,
x,
x,
x,
x,
x,
x,
x,
x,
x,
x,
x,
x,
x,
x,
x,
x,
x,
x,
x,
x,
x,
x,
x,
x,
x,
x,
x,
x,
x,
x,
x,
x,
x,
x,
x,
x,
x,
x,
x,
x,
x,
x,
x,
x,
x,
x,
x,
x,
x,
x,
x,
x,
x,
x,
x,
x,
x,
x,
x,
x,
x,
x,
x,
x,
x,
x,
x,
x,
x,
x,
x,
x,
x,
x,
x,
x,
x,
x,
x,
x,
x,
x,
x,
x,
x,
x,
x,
x,
x,
x,
x,
x,
x,
x,
x,
x,
x,
x,
x,
x,
x,
x,
x,
x,
x,
x,
x,
x,
x,
x,
x,
x,
x,
x,
x,
x,
x,
x,
x,
x,
x,
x,
x,
x,
x,
x,
x,
x,
x,
x,
x,
x,
x,
x,
x,
x,
x,
x,
x,
x,
x,
x,
x,
x,
x,
x,
x,
x,
x,
x,
x,
x,
x,
x,
x,
x,
x,
x,
x,
x,
x,
x,
x,
x,
x,
x,
x,
x,
x,
x,
x,
x,
x,
x,
x,
x,
x,
x,
x,
x,
x,
x,
x,
x,
x,
x,
x,
x,
x,
x,
x,
x,
x,
x,
x,
x,
x,
x,
x,
x,
x,
x,
x,
x,
x,
x,
x,
x,
x,
x,
x,
x,
x,
x,
x,
x,
x,
x,
x,
x,
x,
x,
x,
x,
x,
x,
x,
x,
x,
x,
x,
x,
x,
x,
x,
x,
x,
x,
x,
x,
x,
x,
x,
x,
x,
x,
x,
x,
x,
x,
x,
x,
x,
x,
x,
x,
x,
x,
x,
x,
x,
x,
x,
x,
x,
x,
x,
x,
x,
x,
x,
x,
x,
x,
x,
x,
x,
x,
x,
x,
x,
x,
x,
x,
x,
x,
x,
x,
x,
x,
x,
x,
x,
x,
x,
x,
x,
x,
x,
x,
x,
x,
x,
x,
x,
x,
x,
x,
x,
x,
x,
x,
x,
x,
x,
x,
x,
x,
x,
x,
x,
x,
x,
x,
x,
x,
x,
x,
x,
x,
x,
x,
x,
x,
x,
x,
x,
x,
x,
x,
x,
x,
x,
x,
x,
x,
x,
x,
x,
x,
x,
x,
x,
x,
x,
x,
x,
x,
x,
x,
x,
x,
x,
x,
x,
x,
x,
x,
x,
x,
x,
x,
x,
x,
x,
x,
x,
x,
x,
x,
x,
x,
x,
x,
x,
x,
x,
x,
x,
x,
x,
x,
x,
x,
x,
x,
x,
x,
x,
x,
x,
x,
x,
x,
x,
x,
x,
x,
x,
x,
x,
x,
x,
x,
x,
x,
x,
x,
x,
x,
x,
x,
x,
x,
x,
x,
x,
x,
x,
x,
x,
x,
x,
x,
x,
x,
x,
x,
x,
x,
x,
x,
x,
x,
x,
x,
x,
x,
x,
x,
x,
x,
x,
x,
x,
x,
x,
x,
x,
x,
x,
x,
x,
x,
x,
x,
x,
x,
x,
x,
x,
x,
x,
x,
x,
x,
x,
x,
x,
x,
x,
x,
x,
x,
x,
x,
x,
x,
x,
x,
x,
x,
x,
x,
x,
x,
x,
x,
x,
x,
x,
x,
x,
x,
x,
x,
x,
x,
x,
x,
x,
x,
x,
x,
x,
x,
x,
x,
x,
x,
x,
x,
x,
x,
x,
x,
x,
x,
x,
x,
x,
x,
x,
x,
x,
x,
x,
x,
x,
x,
x,
x,
x,
x,
x,
x,
x,
x,
x,
x,
x,
x,
x,
x,
x,
x,
x,
x,
x,
x,
x,
x,
x,
x,
x,
x,
x,
x,
x,
x,
x,
x,
x,
x,
x,
x,
x,
x,
x,
x,
x,
x,
x,
x,
x,
x,
x,
x,
x,
x,
x,
x,
x,
x,
x,
x,
x,
x,
x,
x,
x,
x,
x,
x,
x,
x,
x,
x,
x,
x,
x,
x,
x,
x,
x,
x,
x,
x,
x,
x,
x,
x,
x,
x,
x,
x,
x,
x,
x,
x,
x,
x,
x,
x,
x,
x,
x,
x,
x,
x,
x,
x,
x,
x,
x,
x,
x,
x,
x,
x,
x,
x,
x,
x,
x,
x,
x,
x,
x,
x,
x,
x,
x,
x,
x,
x,
x,
x,
x,
x,
x,
x,
x,
x,
x,
x,
x,
x,
x,
x,
x,
x,
x,
x,
x,
x,
x,
x,
x,
x,
x,
x,
x,
x,
x,
x,
x,
x,
x,
x,
x,
x,
x,
x,
x,
x,
x,
x,
x,
x,
x,
x,
x,
x,
x,
x,
x,
x,
x,
x,
x,
x,
x,
x,
x,
x,
x,
x,
x,
x,
x,
x,
x,
x,
x,
x,
x,
x,
x,
x,
x,
x,
x,
x,
x,
x,
x,
x,
x,
x,
x,
x,
x,
x,
x,
x,
x,
x,
x,
x,
x,
x,
x,
x,
x,
x,
x,
x,
x,
x,
x,
x,
x,
x,
x,
x,
x,
x,
x,
x,
x,
x,
x,
x,
x,
x,
x,
x,
x,
x,
x,
x,
x,
x,
x,
x,
x,
x,
x,
x,
x,
x,
x,
x,
x,
x,
x,
x,
x,
x,
x,
x,
x,
x,
x,
x,
x,
x,
x,
x,
x,
x,
x,
x,
x,
x,
x,
x,
x,
x,
x,
x,
x,
x,
x,
x,
x,
x,
x,
x,
x,
x,
x,
x,
x,
x,
x,
x,
x,
x,
x,
x,
x,
x,
x,
x,
x,
x,
x,
x,
x,
x,
x,
x,
x,
x,
x,
x,
x,
x,
x,
x,
x,
x,
x,
x,
x,
x,
x,
x,
x,
x,
x,
x,
x,
x,
x,
x,
x,
x,
x,
x,
x,
x,
x,
x,
x,
x,
x,
x,
x,
x,
x,
x,
x,
x,
x,
x,
x,
x,
x,
x,
x,
x,
x,
x,
x,
x,
x,
x,
x,
x,
x,
x,
x,
x,
x,
x,
x,
x,
x,
x,
x,
x,
x,
x,
x,
x,
x,
x,
x,
x,
x,
x,
x,
x,
x,
x,
x,
x,
x,
x,
x,
x,
x,
x,
x,
x,
x,
x,
x,
x,
x,
x,
x,
x,
x,
x,
x,
x,
x,
x,
x,
x,
x,
x,
x,
x,
x,
x,
x,
x,
x,
x,
x,
x,
x,
x,
x,
x,
x,
x,
x,
x,
x,
x,
x,
x,
x,
x,
x,
x,
x,
x,
x,
x,
x,
x,
x,
x,
x,
x,
x,
x,
x,
x,
x,
x,
x,
x,
x,
x,
x,
x,
x,
x,
x,
x,
x,
x,
x,
x,
x,
x,
x,
x,
x,
x,
x,
x,
x,
x,
x,
x,
x,
x,
x,
x,
x,
x,
x,
x,
x,
x,
x,
x,
x,
x,
x,
x,
x,
x,
x,
x,
x,
x,
x,
x,
x,
x,
x,
x,
x,
x,
x,
x,
x,
x,
x,
x,
x,
x,
x,
x,
x,
x,
x,
x,
x,
x,
x,
x,
x,
x,
x,
x,
x,
x,
x,
x,
x,
x,
x,
x,
x,
x,
x,
x,
x,
x,
x,
x,
x,
x,
x,
x,
x,
x,
x,
x,
x,
x,
x,
x,
x,
x,
x,
x,
x,
x,
x,
x,
x,
x,
x,
x,
x,
x,
x,
x,
x,
x,
x,
x,
x,
x,
x,
x,
x,
x,
x,
x,
x,
x,
x,
x,
x,
x,
x,
x,
x,
x,
x,
x,
x,
x,
x,
x,
x,
x,
x,
x,
x,
x,
x,
x,
x,
x,
x,
x,
x,
x,
x,
x,
x,
x,
x,
x,
x,
x,
x,
x,
x,
x,
x,
x,
x,
x,
x,
x,
x,
x,
x,
x,
x,
x,
x,
x,
x,
x,
x,
x,
x,
x,
x,
x,
x,
x,
x,
x,
x,
x,
x,
x,
x,
x,
x,
x,
x,
x,
x,
x,
x,
x,
x,
x,
x,
x,
x,
x,
x,
x,
x,
x,
x,
x,
x,
x,
x,
x,
x,
x,
x,
x,
x,
x,
x,
x,
x,
x,
x,
x,
x,
x,
x,
x,
x,
x,
x,
x,
x,
x,
x,
x,
x,
x,
x,
x,
x,
x,
x,
x,
x,
x,
x,
x,
x,
x,
x,
x,
x,
x,
x,
x,
x,
x,
x,
x,
x,
x,
x,
x,
x,
x,
x,
x,
x,
x,
x,
x,
x,
x,
x,
x,
x,
x,
x,
x,
x,
x,
x,
x,
x,
x,
x,
x,
x,
x,
x,
x,
x,
x,
x,
x,
x,
x,
x,
x,
x,
x,
x,
x,
x,
x,
x,
x,
x,
x,
x,
x,
x,
x,
x,
x,
x,
x,
x,
x,
x,
x,
x,
x,
x,
x,
x,
x,
x,
x,
x,
x,
x,
x,
x,
x,
x,
x,
x,
x,
x,
x,
x,
x,
x,
x,
x,
x,
x,
x,
x,
x,
x,
x,
x,
x,
x,
x,
x,
x,
x,
x,
x,
x,
x,
x,
x,
x,
x,
x,
x,
x,
x,
x,
x,
x,
x,
x,
x,
x,
x,
x,
x,
x,
x,
x,
x,
x,
x,
x,
x,
x,
x,
x,
x,
x,
x,
x,
x,
x,
x,
x,
x,
x,
x,
x,
x,
x,
x,
x,
x,
x,
x,
x,
x,
x,
x,
x,
x,
x,
x,
x,
x,
x,
x,
x,
x,
x,
x,
x,
x,
x,
x,
x,
x,
x,
x,
x,
x,
x,
x,
x,
x,
x,
x,
x,
x,
x,
x,
x,
x,
x,
x,
x,
x,
x,
x,
x,
x,
x,
x,
x,
x,
x,
x,
x,
x,
x,
x,
x,
x,
x,
x,
x,
x,
x,
x,
x,
x,
x,
x,
x,
x,
x,
x,
x,
x,
x,
x,
x,
x,
x,
x,
x,
x,
x,
x,
x,
x,
x,
x,
x,
x,
x,
x,
x,
x,
x,
x,
x,
x,
x,
x,
x,
x,
x,
x,
x,
x,
x,
x,
x,
x,
x,
x,
x,
x,
x,
x,
x,
x,
x,
x,
x,
x,
x,
x,
x,
x,
x,
x,
x,
x,
x,
x,
x,
x,
x,
x,
x,
x,
x,
x,
x,
x,
x,
x,
x,
x,
x,
x,
x,
x,
x,
x,
x,
x,
x,
x,
x,
x,
x,
x,
x,
x,
x,
x,
x,
x,
x,
x,
x,
x,
x,
x,
x,
x,
x,
x,
x,
x,
x,
x,
x,
x,
x,
x,
x,
x,
x,
x,
x,
x,
x,
x,
x,
x,
x,
x,
x,
x,
x,
x,
x,
x,
x,
x,
x,
x,
x,
x,
x,
x,
x,
x,
x,
x,
x,
x,
x,
x,
x,
x,
x,
x,
x,
x,
x,
x,
x,
x,
x,
x,
x,
x,
x,
x,
x,
x,
x,
x,
x,
x,
x,
x,
x,
x,
x,
x,
x,
x,
x,
x,
x,
x,
x,
x,
x,
x,
x,
x,
x,
x,
x,
x,
x,
x,
x,
x,
x,
x,
x,
x,
x,
x,
x,
x,
x,
x,
x,
x,
x,
x,
x,
x,
x,
x,
x,
x,
x,
x,
x,
x,
x,
x,
x,
x,
x,
x,
x,
x,
x,
x,
x,
x,
x,
x,
x,
x,
x,
x,
x,
x,
x,
x,
x,
x,
x,
x,
x,
x,
x,
x,
x,
x,
x,
x,
x,
x,
x,
x,
x,
x,
x,
x,
x,
x,
x,
x,
x,
x,
x,
x,
x,
x,
x,
x,
x,
x,
x,
x,
x,
x,
x,
x,
x,
x,
x,
x,
x,
x,
x,
x,
x,
x,
x,
x,
x,
x,
x,
x,
x,
x,
x,
x,
x,
x,
x,
x,
x,
x,
x,
x,
x,
x,
x,
x,
x,
x,
x,
x,
x,
x,
x,
x,
x,
x,
x,
x,
x,
x,
x,
x,
x,
x,
x,
x,
x,
x,
x,
x,
x,
x,
x,
x,
x,
x,
x,
x,
x,
x,
x,
x,
x,
x,
x,
x,
x,
x,
x,
x,
x,
x,
x,
x,
x,
x,
x,
x,
x,
x,
x,
x,
x,
x,
x,
x,
x,
x,
x,
x,
x,
x,
x,
x,
x,
x,
x,
x,
x,
x,
x,
x,
x,
x,
x,
x,
x,
x,
x,
x,
x,
x,
x,
x,
x,
x,
x,
x,
x,
x,
x,
x,
x,
x,
x,
x,
x,
x,
x,
x,
x,
x,
x,
x,
x,
x,
x,
x,
x,
x,
x,
x,
x,
x,
x,
x,
x,
x,
x,
x,
x,
x,
x,
x,
x,
x,
x,
x,
x,
x,
x,
x,
x,
x,
x,
x,
x,
x,
x,
x,
x,
x,
x,
x,
x,
x,
x,
x,
x,
x,
x,
x,
x,
x,
x,
x,
x,
x,
x,
x,
x,
x,
x,
x,
x,
x,
x,
x,
x,
x,
x,
x,
x,
x,
x,
x,
x,
x,
x,
x,
x,
x,
x,
x,
x,
x,
x,
x,
x,
x,
x,
x,
x,
x,
x,
x,
x,
x,
x,
x,
x,
x,
x,
x,
x,
x,
x,
x,
x,
x,
x,
x,
x,
x,
x,
x,
x,
x,
x,
x,
x,
x,
x,
x,
x,
x,
x,
x,
x,
x,
x,
x,
x,
x,
x,
x,
x,
x,
x,
x,
x,
x,
x,
x,
x,
x,
x,
x,
x,
x,
x,
x,
x,
x,
x,
x,
x,
x,
x,
x,
x,
x,
x,
x,
x,
x,
x,
x,
x,
x,
x,
x,
x,
x,
x,
x,
x,
x,
x,
x,
x,
x,
x,
x,
x,
x,
x,
x,
x,
x,
x,
x,
x,
x,
x,
x,
x,
x,
x,
x,
x,
x,
x,
x,
x,
x,
x,
x,
x,
x,
x,
x,
x,
x,
x,
x,
x,
x,
x,
x,
x,
x,
x,
x,
x,
x,
x,
x,
x,
x,
x,
x,
x,
x,
x,
x,
x,
x,
x,
x,
x,
x,
x,
x,
x,
x,
x,
x,
x,
x,
x,
x,
x,
x,
x,
x,
x,
x,
x,
x,
x,
x,
x,
x,
x,
x,
x,
x,
x,
x,
x,
x,
x,
x,
x,
x,
x,
x,
x,
x,
x,
x,
x,
x,
x,
x,
x,
x,
x,
x,
x,
x,
x,
x,
x,
x,
x,
x,
x,
x,
x,
x,
x,
x,
x,
x,
x,
x,
x,
x,
x,
x,
x,
x,
x,
x,
x,
x,
x,
x,
x,
x,
x,
x,
x,
x,
x,
x,
x,
x,
x,
x,
x,
x,
x,
x,
x,
x,
x,
x,
x,
x,
x,
x,
x,
x,
x,
x,
x,
x,
x,
x,
x,
x,
x,
x,
x,
x,
x,
x,
x,
x,
x,
x,
x,
x,
x,
x,
x,
x,
x,
x,
x,
x,
x,
x,
x,
x,
x,
x,
x,
x,
x,
x,
x,
x,
x,
x,
x,
x,
x,
x,
x,
x,
x,
x,
x,
x,
x,
x,
x,
x,
x,
x,
x,
x,
x,
x,
x,
x,
x,
x,
x,
x,
x,
x,
x,
x,
x,
x,
x,
x,
x,
x,
x,
x,
x,
x,
x,
x,
x,
x,
x,
x,
x,
x,
x,
x,
x,
x,
x,
x,
x,
x,
x,
x,
x,
x,
x,
x,
x,
x,
x,
x,
x,
x,
x,
x,
x,
x,
x,
x,
x,
x,
x,
x,
x,
x,
x,
x,
x,
x,
x,
x,
x,
x,
x,
x,
x,
x,
x,
x,
x,
x,
x,
x,
x,
x,
x,
x,
x,
x,
x,
x,
x,
x,
x,
x,
x,
x,
x,
x,
x,
x,
x,
x,
x,
x,
x,
x,
x,
x,
x,
x,
x,
x,
x,
x,
x,
x,
x,
x,
x,
x,
x,
x,
x,
x,
x,
x,
x,
x,
x,
x,
x,
x,
x,
x,
x,
x,
x,
x,
x,
x,
x,
x,
x,
x,
x,
x,
x,
x,
x,
x,
x,
x,
x,
x,
x,
x,
x,
x,
x,
x,
x,
x,
x,
x,
x,
x,
x,
x,
x,
x,
x,
x,
x,
x,
x,
x,
x,
x,
x,
x,
x,
x,
x,
x,
x,
x,
x,
x,
x,
x,
x,
x,
x,
x,
x,
x,
x,
x,
x,
x,
x,
x,
x,
x,
x,
x,
x,
x,
x,
x,
x,
x,
x,
x,
x,
x,
x,
x,
x,
x,
x,
x,
x,
x,
x,
x,
x,
x,
x,
x,
x,
x,
x,
x,
x,
x,
x,
x,
x,
x,
x,
x,
x,
x,
x,
x,
x,
x,
x,
x,
x,
x,
x,
x,
x,
x,
x,
x,
x,
x,
x,
x,
x,
x,
x,
x,
x,
x,
x,
x,
x,
x,
x,
x,
x,
x,
x,
x,
x,
x,
x,
x,
x,
x,
x,
x,
x,
x,
x,
x,
x,
x,
x,
x,
x,
x,
x,
x,
x,
x,
x,
x,
x,
x,
x,
x,
x,
x,
x,
x,
